time_steps,reward_mean,reward_std,forward_progress_mean,forward_progress_std,episode_length_mean,elapsed
50000,132.5441846846961,28.546158271000238,5.3848020922663675,1.4289042187502807,500.0,67.11966061592102
100000,408.0964692167877,55.08606760782749,19.16804456034955,2.750204953303844,500.0,98.74661660194397
150000,686.5687628101296,75.24643279195438,33.092962733853554,3.75617030603177,500.0,68.331307888031
200000,1447.672639035079,202.54683666880425,71.14545645668632,10.127520374435987,500.0,70.96257448196411
250000,1867.267821190792,80.30601513098932,92.12763899523523,4.017275560530815,500.0,69.13171887397766
